{"cameraMode":{"drawMode":0,"name":"Shaded","section":"Shading Mode"},"sceneLighting":true,"audioPlay":false,"sceneViewState":{"showFog":true,"showMaterialUpdate":false,"showSkybox":false,"showFlares":true,"showImageEffects":true,"showParticleSystems":true},"in2DMode":false,"pivot":{"x":-0.16449904441833497,"y":5.457592010498047,"z":-0.2139425277709961},"rotation":{"x":0.0014863699907436967,"y":-0.08570303022861481,"z":-0.00010330673831049353,"w":-0.9963594079017639},"size":6.457030296325684,"orthographic":false}