{"cameraMode":{"drawMode":0,"name":"Shaded","section":"Shading Mode"},"sceneLighting":false,"audioPlay":false,"sceneViewState":{"showFog":true,"showMaterialUpdate":false,"showSkybox":false,"showFlares":true,"showImageEffects":true,"showParticleSystems":true},"in2DMode":false,"pivot":{"x":0.9099912643432617,"y":-9.870627403259278,"z":3.8376736640930177},"rotation":{"x":-0.14107084274291993,"y":-0.18185707926750184,"z":0.026397187262773515,"w":-0.9728409647941589},"size":3.86602520942688,"orthographic":false}