{"cameraMode":{"drawMode":0,"name":"Shaded","section":"Shading Mode"},"sceneLighting":true,"audioPlay":false,"sceneViewState":{"showFog":true,"showMaterialUpdate":false,"showSkybox":true,"showFlares":true,"showImageEffects":true,"showParticleSystems":true},"in2DMode":false,"pivot":{"x":22.820232391357423,"y":-150.7504425048828,"z":734.0181884765625},"rotation":{"x":-0.09466571360826493,"y":-0.015236780047416687,"z":0.0013801110908389092,"w":-0.9954776763916016},"size":404.8186340332031,"orthographic":false}